City_ID,City,Country,Lat,Lng,Max Temp,Humidity,Cloudiness,Wind Speed,Current Description
0,Rikitea,PF,-23.1203,-134.9692,76.24,74,2,18.03,light rain
1,Georgetown,MY,5.4112,100.3354,79.9,87,40,3.44,scattered clouds
2,Cherskiy,RU,68.75,161.3,-34.65,100,62,4.07,broken clouds
3,Misratah,LY,32.3754,15.0925,57.24,52,0,13.49,clear sky
4,Tura,IN,25.5198,90.2201,72.7,54,10,2.39,clear sky
5,Albany,US,42.6001,-73.9662,35.31,81,100,4.23,overcast clouds
6,Gogrial,SS,8.5332,28.1004,76.48,65,82,4.41,broken clouds
7,Butaritari,KI,3.0707,172.7902,82.27,76,72,11.83,broken clouds
8,Busselton,AU,-33.65,115.3333,72.09,36,6,4.76,clear sky
9,Tuktoyaktuk,CA,69.4541,-133.0374,-8.5,94,100,5.32,overcast clouds
10,Vaini,TO,-21.2,-175.2,84.36,84,20,9.22,few clouds
11,Bredasdorp,ZA,-34.5322,20.0403,59.67,67,78,9.15,broken clouds
12,Treinta Y Tres,UY,-33.2333,-54.3833,54.52,83,54,5.84,broken clouds
13,Torbay,CA,47.6666,-52.7314,38.26,89,82,1.01,broken clouds
14,Tulum,MX,20.2167,-87.4667,74.93,93,26,2.21,scattered clouds
15,San Carlos De Bariloche,AR,-41.1456,-71.3082,43.25,91,92,6.64,overcast clouds
16,Hofn,IS,64.2539,-15.2082,28.29,94,100,6.67,snow
17,Kapaa,US,22.0752,-159.319,82.38,76,75,1.99,light rain
18,Provideniya,RU,64.3833,-173.3,-1.64,50,0,4.47,clear sky
19,Ilulissat,GL,69.2167,-51.1,27.01,67,90,11.05,overcast clouds
20,Hermanus,ZA,-34.4187,19.2345,57.9,73,75,8.01,light rain
21,Harper,LR,4.375,-7.7169,78.62,83,47,6.06,light rain
22,Tarauaca,BR,-8.1614,-70.7656,71.89,93,94,2.44,overcast clouds
23,Cravo Norte,CO,6.3017,-70.2041,78.08,61,99,5.57,overcast clouds
24,Constitucion,CL,-35.3333,-72.4167,52.14,87,80,10.07,broken clouds
25,Vao,NC,-22.6667,167.4833,76.86,78,54,16.22,broken clouds
26,Saint-Joseph,RE,-21.3667,55.6167,73.76,81,30,11.95,light rain
27,Ushuaia,AR,-54.8,-68.3,41.32,91,82,3.47,broken clouds
28,Carnarvon,AU,-24.8667,113.6333,75.22,51,0,22.77,clear sky
29,Atuona,PF,-9.8,-139.0333,78.8,76,63,21.03,broken clouds
30,Cap Malheureux,MU,-19.9842,57.6142,81.46,69,1,5.01,clear sky
31,Hobart,AU,-42.8794,147.3294,83.26,54,75,1.01,broken clouds
32,Minot,US,48.2325,-101.2963,45.12,45,75,14.97,broken clouds
33,Grand Gaube,MU,-20.0064,57.6608,82.38,68,1,5.01,clear sky
34,Meulaboh,ID,4.1363,96.1285,80.91,76,47,5.64,scattered clouds
35,Puerto Ayora,EC,-0.7393,-90.3518,68.38,90,43,8.39,scattered clouds
36,Yerbogachen,RU,61.2767,108.0108,-18.42,97,94,3.8,overcast clouds
37,La Paz,BO,-16.5,-68.15,48.18,100,40,2.3,fog
38,Kulhudhuffushi,MV,6.6221,73.07,81.75,76,12,8.01,few clouds
39,Qaanaaq,GL,77.484,-69.3632,5.56,68,12,6.89,few clouds
40,Bluff,NZ,-46.6,168.3333,68.81,76,100,13.15,overcast clouds
41,Clyde River,CA,70.4692,-68.5914,7.03,85,100,18.41,light snow
42,Pisco,PE,-13.7,-76.2167,64.45,82,0,6.91,clear sky
43,Suoyarvi,RU,62.0833,32.35,9.95,94,65,7.29,broken clouds
44,Beringovskiy,RU,63.05,179.3167,-5.19,94,62,9.78,broken clouds
45,Ouegoa,NC,-20.35,164.4333,84.43,69,42,10.07,moderate rain
46,Khatanga,RU,71.9667,102.5,-40.88,100,92,1.23,overcast clouds
47,Bethel,US,41.3712,-73.414,42.19,76,90,4.61,overcast clouds
48,Tezu,IN,27.9167,96.1667,74.44,38,87,2.08,overcast clouds
49,Narsaq,GL,60.9167,-46.05,30.72,98,100,16.71,snow
50,Tilichiki,RU,60.4667,166.1,12.25,94,100,11.3,snow
51,Namibe,AO,-15.1961,12.1522,69.71,83,98,5.57,light rain
52,Hilo,US,19.7297,-155.09,77.29,81,90,0.0,overcast clouds
53,Mehamn,NO,71.0357,27.8492,32.72,60,100,23.11,overcast clouds
54,Barrow,US,71.2906,-156.7887,-11.18,70,90,9.22,overcast clouds
55,Havre-Saint-Pierre,CA,50.2334,-63.5986,25.16,93,90,4.61,light snow
56,Los Llanos De Aridane,ES,28.6585,-17.9182,64.15,70,40,7.0,scattered clouds
57,Sorland,NO,67.667,12.6934,35.83,54,100,35.86,overcast clouds
58,Nikolskoye,RU,59.7035,30.7861,19.29,98,93,3.09,overcast clouds
59,Punta Arenas,CL,-53.15,-70.9167,44.71,70,20,9.22,few clouds
60,Sampit,ID,-2.5333,112.95,86.4,69,100,1.72,overcast clouds
61,Fortuna,US,40.5982,-124.1573,51.66,59,90,0.0,overcast clouds
62,Praia Da Vitoria,PT,38.7333,-27.0667,60.76,93,76,5.61,broken clouds
63,Saskatoon,CA,52.1168,-106.6345,38.16,65,100,5.99,overcast clouds
64,Andenes,NO,69.3143,16.1194,33.78,55,100,24.16,overcast clouds
65,Bengkulu,ID,-3.8004,102.2655,82.69,67,52,6.51,broken clouds
66,Atar,MR,20.5169,-13.0499,68.88,14,100,9.44,overcast clouds
67,Arona,ES,28.0996,-16.681,61.79,64,20,1.99,few clouds
68,East London,ZA,-33.0153,27.9116,69.03,94,100,0.72,light rain
69,Tuatapere,NZ,-46.1333,167.6833,68.83,53,100,7.05,overcast clouds
70,Mayo,US,38.8876,-76.5119,52.12,76,90,3.0,overcast clouds
71,Yakymivka,UA,46.6897,35.1536,31.53,88,20,5.28,few clouds
72,Geelong,AU,-38.1471,144.3607,95.72,31,100,11.14,overcast clouds
73,Otradnoye,RU,59.7775,30.8181,19.45,99,90,2.98,overcast clouds
74,Yellowknife,CA,62.456,-114.3525,-0.58,97,100,6.53,overcast clouds
75,Champerico,GT,14.3,-91.9167,80.04,73,20,2.62,few clouds
76,Avarua,CK,-21.2078,-159.775,77.05,88,20,10.36,light rain
77,Jamestown,US,42.097,-79.2353,38.71,97,90,4.0,overcast clouds
78,Acarau,BR,-2.8856,-40.12,79.72,81,92,11.63,overcast clouds
79,Sovetskiy,RU,61.3614,63.5842,33.46,99,100,9.35,overcast clouds
80,Nuqui,CO,5.7125,-77.2708,76.98,91,100,2.39,light rain
81,Yilan,TW,24.757,121.753,66.9,74,93,5.44,overcast clouds
82,Kodiak,US,57.79,-152.4072,17.11,79,90,36.82,heavy snow
83,Kaitangata,NZ,-46.2817,169.8464,65.93,78,100,10.89,overcast clouds
84,Alyangula,AU,-13.8483,136.4192,89.74,58,100,0.13,overcast clouds
85,Sitka,US,57.0531,-135.33,35.49,64,90,13.8,moderate rain
86,Tanabe,JP,33.7333,135.3667,51.66,52,4,10.89,clear sky
87,Ponta Delgada,PT,37.7333,-25.6667,61.52,82,20,6.91,few clouds
88,Roma,US,43.2128,-75.4557,39.83,80,1,9.22,clear sky
89,Shingu,JP,33.7333,135.9833,52.75,42,0,2.08,clear sky
90,Norman Wells,CA,65.282,-126.8329,-24.52,97,100,6.4,overcast clouds
91,Saint George,US,37.1041,-113.5841,57.54,32,1,1.99,clear sky
92,Esperance,AU,-33.8667,121.9,66.51,59,24,15.68,few clouds
93,Hobyo,SO,5.3505,48.5268,78.75,67,99,15.66,overcast clouds
94,Upernavik,GL,72.7868,-56.1549,27.43,97,100,6.49,snow
95,Fairbanks,US,64.8378,-147.7164,-3.69,73,20,0.0,light snow
96,Seoul,KR,37.5683,126.9778,38.71,51,8,8.1,clear sky
97,Ponta Do Sol,PT,32.6667,-17.1,65.71,73,18,5.66,few clouds
98,Bakel,SN,14.905,-12.4568,77.88,15,91,6.49,overcast clouds
99,Hualmay,PE,-11.0964,-77.6139,65.7,86,96,6.82,overcast clouds
100,Mataura,NZ,-46.1927,168.8643,68.49,42,100,5.5,overcast clouds
101,Baruun-Urt,MN,46.6806,113.2792,22.73,58,32,19.69,scattered clouds
102,Chokurdakh,RU,70.6333,147.9167,-36.22,100,92,6.31,overcast clouds
103,Lompoc,US,34.6391,-120.4579,68.14,100,90,0.0,fog
104,Mar Del Plata,AR,-38.0023,-57.5575,62.1,87,0,1.01,clear sky
105,Komsomolskiy,UZ,40.4272,71.7189,34.52,64,16,9.22,few clouds
106,Shetpe,KZ,44.1667,52.1167,35.37,87,85,5.53,overcast clouds
107,Tukrah,LY,32.5341,20.5791,61.27,74,40,7.43,scattered clouds
108,Saldanha,ZA,-33.0117,17.9442,60.15,76,0,16.58,clear sky
109,Patacamaya,BO,-17.2333,-67.9167,50.79,73,92,7.63,overcast clouds
110,Rawson,AR,-43.3002,-65.1023,66.78,29,50,24.96,scattered clouds
111,Tiksi,RU,71.6872,128.8694,-28.93,100,78,4.41,broken clouds
112,Mandalgovi,MN,45.7625,106.2708,25.14,28,4,10.16,clear sky
113,Faanui,PF,-16.4833,-151.75,79.48,75,100,13.2,moderate rain
114,Half Moon Bay,US,37.4636,-122.4286,67.12,69,1,0.0,clear sky
115,Surt,LY,31.2089,16.5887,56.44,64,0,11.03,clear sky
116,Dikson,RU,73.5069,80.5464,-8.28,96,100,16.2,overcast clouds
117,San Rafael,AR,-34.6177,-68.3301,69.87,55,19,9.6,few clouds
118,Ancud,CL,-41.8697,-73.8203,47.32,80,100,4.81,overcast clouds
119,Kamenka,RU,51.3223,42.7678,31.75,78,100,13.87,overcast clouds
120,Cidreira,BR,-30.1811,-50.2056,65.01,71,93,6.69,overcast clouds
121,Ahipara,NZ,-35.1667,173.1667,71.06,67,100,5.26,moderate rain
122,Bonavista,CA,48.6499,-53.1147,39.11,71,8,10.78,clear sky
123,Dasoguz,TM,41.8363,59.9666,55.51,41,100,5.66,overcast clouds
124,Kirakira,SB,-10.4544,161.9205,83.73,77,36,2.46,scattered clouds
125,Isangel,VU,-19.55,169.2667,82.87,71,86,13.69,overcast clouds
126,Tomakomai,JP,42.6369,141.6033,34.18,59,75,11.5,light shower snow
127,Usinsk,RU,65.9939,57.5281,13.1,95,100,8.39,light snow
128,Mount Isa,AU,-20.7333,139.5,100.17,17,0,12.66,clear sky
129,Sambava,MG,-14.2667,50.1667,73.85,88,26,8.14,scattered clouds
130,Tolga,DZ,34.7222,5.3785,49.95,65,0,4.61,clear sky
131,Ribeira Grande,PT,38.5167,-28.7,63.99,81,4,4.83,clear sky
132,Igarka,RU,67.4667,86.5833,-18.85,95,99,6.76,overcast clouds
133,Port Alfred,ZA,-33.5906,26.891,67.46,92,93,3.11,light rain
134,Cabo San Lucas,MX,22.8909,-109.9124,78.51,64,1,0.0,clear sky
135,Matagami,CA,49.7502,-77.6328,15.91,86,90,13.8,light snow
136,Avera,US,33.194,-82.5271,60.67,50,95,7.38,overcast clouds
137,Aklavik,CA,68.2191,-135.0107,-14.49,99,100,9.64,light snow
138,Cabedelo,BR,-6.9811,-34.8339,79.47,78,98,9.84,overcast clouds
139,Weesp,NL,52.3075,5.0417,42.01,89,40,5.01,scattered clouds
140,Qaqortoq,GL,60.7167,-46.0333,32.0,98,100,16.51,snow
141,Heihe,CN,50.2441,127.4902,5.4,91,100,9.86,light snow
142,Mahibadhoo,MV,3.7833,72.9667,81.61,75,37,3.2,scattered clouds
143,Saint-Philippe,RE,-21.3585,55.7679,75.11,84,56,11.61,light rain
144,Jacobina,BR,-11.1806,-40.5183,74.75,71,96,1.74,overcast clouds
145,Kavieng,PG,-2.5744,150.7967,85.5,66,57,8.21,broken clouds
146,Chipinge,ZW,-20.1883,32.6236,60.31,59,0,4.25,clear sky
147,Nome,US,64.5011,-165.4064,-9.33,65,1,6.91,clear sky
148,Srednekolymsk,RU,67.45,153.6833,-39.37,100,54,3.56,broken clouds
149,Chuy,UY,-33.6971,-53.4616,57.79,77,10,5.39,clear sky
150,Mabaruma,GY,8.2,-59.7833,73.56,97,92,3.38,overcast clouds
151,Najran,SA,17.4924,44.1277,52.21,34,0,3.4,clear sky
152,Monrovia,LR,6.3005,-10.7969,74.97,81,41,3.24,scattered clouds
153,Kahului,US,20.8947,-156.47,79.86,80,40,17.27,scattered clouds
154,Airai,TL,-8.9266,125.4092,79.18,45,47,2.26,scattered clouds
155,Wadi Maliz,TN,36.4681,8.5495,47.35,76,0,5.14,clear sky
156,Hay River,CA,60.8156,-115.7999,5.11,96,100,2.73,overcast clouds
157,Vestmanna,FO,62.1564,-7.1664,32.92,55,75,21.85,broken clouds
158,Auki,SB,-8.7676,160.7034,83.84,75,100,1.54,overcast clouds
159,Coquimbo,CL,-29.9533,-71.3436,58.73,82,0,2.3,clear sky
160,Cayenne,GF,4.9333,-52.3333,81.09,86,75,4.0,broken clouds
161,Sisimiut,GL,66.9395,-53.6735,32.07,83,100,5.5,overcast clouds
162,Berlevag,NO,70.8578,29.0864,33.66,60,100,26.96,light snow
163,Kuito,AO,-12.3833,16.9333,58.84,93,100,2.26,light rain
164,Berwick,US,41.0545,-76.2333,42.31,77,100,4.94,overcast clouds
165,Tateyama,JP,34.9833,139.8667,56.14,42,0,6.13,clear sky
166,Rio Gallegos,AR,-51.6226,-69.2181,46.45,46,0,11.5,clear sky
167,Iwanai,JP,42.9744,140.5089,30.58,72,100,24.87,light snow
168,Waingapu,ID,-9.6567,120.2641,86.2,62,20,6.42,few clouds
169,Castro,BR,-24.7911,-50.0119,62.8,91,49,9.98,scattered clouds
170,La Rioja,ES,42.25,-2.5,36.48,97,100,5.35,overcast clouds
171,Tasiilaq,GL,65.6145,-37.6368,26.13,92,100,34.85,snow
172,Bejar,ES,40.3864,-5.7634,40.59,99,100,5.5,overcast clouds
173,Northam,GB,51.0333,-4.2167,44.62,79,19,12.53,few clouds
174,Vysokogornyy,RU,50.1167,139.15,7.95,91,100,19.22,light snow
175,Thompson,CA,55.7435,-97.8558,-4.67,93,99,5.37,overcast clouds
176,Mnogovershinnyy,RU,53.9353,139.9242,9.99,90,100,22.64,snow
177,Nanortalik,GL,60.1432,-45.2371,32.67,98,100,21.18,light snow
178,Iqaluit,CA,63.7506,-68.5145,10.51,91,100,4.16,overcast clouds
179,Gat,IL,31.61,34.7642,63.28,100,53,8.08,broken clouds
180,Sao Filipe,CV,14.8961,-24.4956,74.71,68,100,11.18,overcast clouds
181,Westport,US,41.1415,-73.3579,46.98,75,90,1.01,overcast clouds
182,Vila Velha,BR,-20.3297,-40.2925,76.95,89,75,3.44,broken clouds
183,Poum,NC,-20.2333,164.0167,82.27,74,36,14.25,light rain
184,Chernyshevskiy,RU,63.0128,112.4714,-12.98,97,100,1.48,overcast clouds
185,Billings,US,45.7833,-108.5007,62.51,31,75,20.71,broken clouds
186,Longwy,FR,49.5194,5.7688,41.72,96,97,5.01,overcast clouds
187,Antalaha,MG,-14.9003,50.2788,73.56,88,47,5.19,scattered clouds
188,San Cristobal,VE,7.7669,-72.225,68.18,93,65,2.01,broken clouds
189,Areosa,PT,41.7178,-8.8571,50.56,85,100,22.41,overcast clouds
190,Izumo,JP,35.3667,132.7667,49.19,57,47,13.76,scattered clouds
191,Hamilton,US,39.1834,-84.5333,53.11,88,90,1.01,overcast clouds
192,Ulstrup,DK,56.3899,9.7935,33.91,78,100,19.13,overcast clouds
193,Stara Vyzhivka,UA,51.4376,24.44,41.72,88,100,19.3,overcast clouds
194,Bowen,AU,-20.0167,148.2333,84.38,67,0,12.88,clear sky
195,Hithadhoo,MV,-0.6,73.0833,82.06,74,91,5.82,overcast clouds
196,Lata,PT,40.1629,-8.3327,52.92,90,100,12.01,overcast clouds
197,Geraldton,AU,-28.7667,114.6,75.61,50,0,17.27,clear sky
198,Altay,CN,47.8667,88.1167,22.17,50,58,7.83,broken clouds
199,Arraial Do Cabo,BR,-22.9661,-42.0278,73.13,88,43,8.55,scattered clouds
200,Ryotsu,JP,38.0833,138.4333,43.93,65,92,16.89,overcast clouds
201,Ranong,TH,9.9658,98.6348,79.77,84,100,9.69,light rain
202,Road Town,VG,18.4167,-64.6167,80.69,77,93,19.44,overcast clouds
203,Sangamner,IN,19.5667,74.2167,57.13,96,100,10.09,light rain
204,Heyang,CN,26.1011,107.473,50.09,51,100,3.53,overcast clouds
205,Kuah,MY,6.3265,99.8432,78.82,86,100,13.82,overcast clouds
206,Alice Springs,AU,-23.7,133.8833,96.35,11,3,13.8,clear sky
207,Muli,MV,2.9167,73.5667,81.77,75,84,5.84,broken clouds
208,Lebu,CL,-37.6167,-73.65,53.35,92,100,11.54,overcast clouds
209,New Norfolk,AU,-42.7826,147.0587,82.9,37,82,1.01,moderate rain
210,Shache,CN,38.4167,77.2406,29.61,34,0,3.04,clear sky
211,Kutum,SD,14.2,24.6667,61.02,35,0,12.86,clear sky
212,Talnakh,RU,69.4865,88.3972,-23.06,98,24,4.79,few clouds
213,Muisne,EC,0.6,-80.0333,74.3,85,100,4.12,overcast clouds
214,Labuhan,ID,-6.8844,112.2051,84.36,68,100,4.65,overcast clouds
215,Belyy Yar,RU,53.6039,91.3903,10.29,92,53,2.24,smoke
216,Goulburn,AU,-34.75,149.7167,81.64,41,0,1.81,clear sky
217,Lebedyn,UA,50.5852,34.4849,25.97,85,20,6.91,few clouds
218,San Patricio,US,28.017,-97.5169,69.89,82,97,5.79,overcast clouds
219,Brae,GB,60.3964,-1.353,37.31,61,95,20.96,overcast clouds
220,Sechura,PE,-5.5569,-80.8222,66.22,80,100,8.43,overcast clouds
221,Vanimo,PG,-2.6741,141.3028,83.68,75,100,3.94,overcast clouds
222,Zheleznodorozhnyy,RU,55.7503,38.0042,23.22,90,100,8.57,overcast clouds
223,Zambezi,ZM,-13.5432,23.1047,65.35,80,53,4.25,broken clouds
224,Cape Town,ZA,-33.9258,18.4232,58.26,68,0,11.88,clear sky
225,Iquitos,PE,-3.7481,-73.2472,77.04,88,75,5.75,broken clouds
226,Port Elizabeth,ZA,-33.918,25.5701,66.09,85,99,18.28,overcast clouds
227,Puerto Escondido,MX,15.85,-97.0667,77.83,69,20,4.61,few clouds
228,Coihaique,CL,-45.5752,-72.0662,43.41,75,0,3.44,clear sky
229,Fort Nelson,CA,58.8053,-122.7002,-13.25,100,43,2.08,scattered clouds
230,Dunedin,NZ,-45.8742,170.5036,59.18,84,100,15.9,overcast clouds
231,Kununurra,AU,-15.7667,128.7333,102.18,30,100,9.22,overcast clouds
232,Bereda,ES,43.2686,-7.5406,46.15,100,78,7.36,broken clouds
233,Eureka,US,40.8021,-124.1637,51.93,90,0,1.99,clear sky
234,Kavaratti,IN,10.5669,72.642,82.38,77,39,12.37,scattered clouds
235,Camacha,PT,33.0833,-16.3333,62.02,72,40,10.36,scattered clouds
236,Pangnirtung,CA,66.1451,-65.7125,-1.08,97,99,6.64,overcast clouds
237,Ossora,RU,59.2353,163.0719,32.13,99,100,7.58,snow
238,Yar-Sale,RU,66.8333,70.8333,1.76,95,100,14.83,overcast clouds
239,Guerrero Negro,MX,27.9769,-114.0611,63.97,83,11,9.37,few clouds
240,Kristiinankaupunki,FI,62.2743,21.376,21.63,95,97,6.78,light snow
241,Lagoa,PT,39.05,-27.9833,62.8,82,0,7.83,clear sky
242,Sao Gabriel Da Cachoeira,BR,-0.1303,-67.0892,72.59,98,100,1.07,overcast clouds
243,Jalu,LY,29.0331,21.5482,54.79,78,94,4.34,overcast clouds
244,Kalmar,SE,56.6616,16.3616,36.97,99,90,18.41,light snow
245,Praya,CV,14.9215,-23.5087,73.94,73,75,18.41,haze
246,Leningradskiy,RU,69.3833,178.4167,-15.21,89,100,3.33,overcast clouds
247,Flinders,AU,-34.5833,150.8552,84.79,71,41,13.06,scattered clouds
248,Husavik,IS,66.0449,-17.3389,24.46,83,100,14.43,light snow
249,Barkly West,ZA,-28.5354,24.5215,71.73,50,5,15.7,clear sky
250,Khiri Mat,TH,16.8333,99.8,76.08,67,43,1.68,scattered clouds
251,Mwandiga,TZ,-4.83,29.6581,69.33,88,97,5.21,light rain
252,Umm Lajj,SA,25.0213,37.2685,73.53,65,20,11.72,few clouds
253,Atikokan,CA,48.7555,-91.6216,36.73,92,100,15.05,overcast clouds
254,New Philadelphia,US,40.4898,-81.4457,46.89,93,90,1.99,overcast clouds
255,Doka,SD,13.5167,35.7667,73.8,29,0,8.25,clear sky
256,Deep River,CA,46.1001,-77.4995,32.43,87,100,9.82,overcast clouds
257,Kudat,MY,6.8837,116.8477,81.25,78,100,3.51,moderate rain
258,Itaituba,BR,-4.2761,-55.9836,73.4,99,97,2.42,overcast clouds
259,Porto Walter,BR,-8.2686,-72.7439,73.4,93,77,2.77,broken clouds
260,Udachnyy,RU,66.4167,112.4,-20.67,100,98,4.18,overcast clouds
261,Vila Franca Do Campo,PT,37.7167,-25.4333,61.21,85,23,5.68,few clouds
262,Saint-Louis,SN,16.3333,-15.0,77.58,16,100,9.62,overcast clouds
263,Bilibino,RU,68.0546,166.4372,-34.49,100,90,4.54,overcast clouds
264,Zabid,YE,14.1951,43.3152,73.15,63,0,3.58,clear sky
265,Deputatskiy,RU,69.3,139.9,-37.77,100,48,2.01,scattered clouds
266,Palmer,US,42.1584,-72.3287,35.64,78,75,0.0,broken clouds
267,General Roca,AR,-39.0333,-67.5833,72.63,27,64,17.16,broken clouds
268,Leshukonskoye,RU,64.8989,45.7622,18.36,98,100,2.01,overcast clouds
269,Vrangel,RU,42.7297,133.0839,32.68,52,6,16.58,clear sky
270,Victoria,HK,22.2855,114.1577,66.25,39,6,1.99,clear sky
271,Caravelas,BR,-17.7125,-39.2481,73.87,95,74,7.58,broken clouds
272,Faya,SA,18.3851,42.4509,52.32,55,2,3.0,clear sky
273,Kataysk,RU,56.289,62.5841,35.02,90,99,13.4,overcast clouds
274,Saskylakh,RU,71.9167,114.0833,-35.36,100,98,1.39,overcast clouds
275,Hongjiang,CN,27.11,109.9956,56.48,50,21,2.35,few clouds
276,Hunchun,CN,42.8675,130.3581,31.73,53,3,3.83,clear sky
277,Luderitz,NA,-26.6481,15.1594,58.84,70,0,16.89,clear sky
278,Sanchi,IN,23.4833,77.7333,63.72,40,100,5.41,overcast clouds
279,Dickinson,US,29.4608,-95.0513,66.94,92,1,4.61,clear sky
280,Cockburn Town,TC,21.4612,-71.1419,80.47,73,0,15.1,clear sky
281,Almaznyy,RU,48.0448,40.045,33.94,89,64,10.67,broken clouds
282,Brits,ZA,-25.6347,27.7802,66.36,77,12,5.44,few clouds
283,Lorengau,PG,-2.0226,147.2712,83.08,78,100,3.02,overcast clouds
284,Oum Hadjer,TD,13.2954,19.6966,72.57,24,3,10.38,clear sky
285,Chhabra,IN,24.6667,76.8333,64.35,42,100,7.67,overcast clouds
286,Gbarnga,LR,6.9956,-9.4722,70.07,99,52,1.1,light rain
287,Vanavara,RU,60.34,102.2797,-1.3,96,100,3.06,overcast clouds
288,Palauig,PH,15.435,119.9045,82.85,58,77,3.24,broken clouds
289,Storforshei,NO,66.4043,14.5233,6.66,80,100,6.31,overcast clouds
290,Laguna,US,38.421,-121.4238,64.9,87,1,0.0,mist
291,Rabo De Peixe,PT,37.8,-25.5833,60.31,96,20,6.91,few clouds
292,Ocampo,MX,21.65,-101.5,55.6,59,38,9.82,scattered clouds
293,La Ronge,CA,55.1001,-105.2842,12.13,95,99,2.75,overcast clouds
294,Zhigansk,RU,66.7697,123.3711,-40.94,98,66,6.62,broken clouds
295,Mosjoen,NO,65.836,13.1908,21.2,95,98,6.26,overcast clouds
296,Russell,US,32.3502,-85.1999,55.11,76,1,3.44,clear sky
297,Souillac,MU,-20.5167,57.5167,82.36,74,75,6.91,broken clouds
298,Houma,US,29.5958,-90.7195,60.98,95,0,1.01,clear sky
299,Taksimo,RU,56.3444,114.8794,5.11,82,17,4.32,few clouds
300,Bahia Blanca,AR,-38.7196,-62.2724,69.6,55,100,8.19,overcast clouds
301,Zhuhai,CN,22.2769,113.5678,65.98,45,0,20.71,clear sky
302,Kruisfontein,ZA,-34.0033,24.7314,63.88,89,100,14.52,overcast clouds
303,Lebedinyy,RU,58.5167,125.5167,-4.85,94,100,5.55,overcast clouds
304,Klaksvik,FO,62.2266,-6.589,34.72,62,97,23.8,overcast clouds
305,Amapa,BR,1.0,-52.0,72.46,99,100,2.19,overcast clouds
306,Okato,NZ,-39.2,173.8833,62.69,95,100,7.83,overcast clouds
307,Pimenta Bueno,BR,-11.6725,-61.1936,72.95,98,100,3.24,overcast clouds
308,Port Hardy,CA,50.6996,-127.4199,45.75,79,100,13.71,light rain
309,Brenham,US,30.1669,-96.3977,63.03,85,1,0.0,clear sky
310,Aswan,EG,24.0934,32.907,62.06,55,50,12.91,scattered clouds
311,Mudgee,AU,-32.5943,149.5871,78.62,43,4,1.66,clear sky
312,Awbari,LY,26.5921,12.7805,54.39,29,61,9.51,broken clouds
313,Lages,BR,-27.8161,-50.3261,57.76,92,69,4.5,broken clouds
314,Vestmannaeyjar,IS,63.4427,-20.2734,37.87,98,100,34.4,heavy intensity rain
315,Hailar,CN,49.2,119.7,15.44,69,100,18.19,overcast clouds
316,Orleans,US,30.0335,-89.9501,63.0,75,1,4.61,clear sky
317,Mapiripan,CO,2.8892,-72.1256,75.16,83,80,4.47,broken clouds
318,Xiongzhou,CN,25.1167,114.3,57.22,31,0,3.91,clear sky
319,Macau,MO,22.2006,113.5461,65.07,45,0,20.71,clear sky
320,Ahuimanu,US,21.4447,-157.8378,80.31,68,90,8.05,overcast clouds
321,Petrinja,HR,45.4375,16.29,49.06,75,100,8.16,overcast clouds
322,Port Augusta,AU,-32.5,137.7667,96.71,45,2,16.82,clear sky
323,Acapulco,MX,16.8634,-99.8901,80.42,78,1,0.0,clear sky
324,Alice Town,BS,25.7167,-79.3,74.44,72,6,4.12,clear sky
325,Longyearbyen,SJ,78.2186,15.6401,10.24,61,20,8.05,few clouds
326,Ondjiva,AO,-17.0667,15.7333,71.69,63,100,5.3,overcast clouds
327,Kupang,ID,-10.1667,123.5833,88.38,74,75,6.91,broken clouds
328,Butembo,CD,0.15,29.2833,56.53,91,81,3.13,broken clouds
329,Bambous Virieux,MU,-20.3428,57.7575,82.22,74,75,6.91,broken clouds
330,Katsuura,JP,35.1333,140.3,53.71,35,0,4.79,clear sky
331,Asfi,MA,32.2994,-9.2372,56.44,72,0,5.41,clear sky
332,Puerto Maldonado,PE,-12.6,-69.1833,73.33,96,98,2.64,overcast clouds
333,Moose Factory,CA,51.2585,-80.6094,18.72,87,99,8.61,overcast clouds
334,Tiznit,MA,29.5833,-9.5,52.23,56,0,2.82,clear sky
335,Taian,CN,36.1853,117.12,41.74,43,0,6.2,clear sky
336,Plettenberg Bay,ZA,-34.0527,23.3716,61.54,87,95,8.08,overcast clouds
337,Pacific Grove,US,36.6177,-121.9166,65.43,55,1,1.01,clear sky
338,Beira,MZ,-19.8436,34.8389,73.49,88,20,3.44,few clouds
339,Canakkale,TR,40.0833,26.8333,46.98,85,0,3.8,clear sky
340,Odessa,UA,46.4775,30.7326,37.33,93,0,6.71,clear sky
341,Coruripe,BR,-10.1256,-36.1756,77.16,87,82,9.57,broken clouds
342,Pevek,RU,69.7008,170.3133,-9.81,96,99,4.74,overcast clouds
343,Kikwit,CD,-5.041,18.8162,67.06,98,95,1.19,overcast clouds
344,Zhuanghe,CN,39.7008,122.9911,45.34,48,5,19.44,clear sky
345,Voh,NC,-20.9667,164.7,86.32,65,65,4.7,light rain
346,Noumea,NC,-22.2763,166.4572,84.99,99,84,11.05,heavy intensity rain
347,Denizli,TR,37.8402,29.0698,34.65,65,0,2.42,clear sky
348,Weston,US,26.1004,-80.3998,71.62,87,1,1.01,clear sky
349,Saint-Pierre,RE,-21.3393,55.4781,75.18,77,75,5.75,broken clouds
350,Coueron,FR,47.2151,-1.7217,44.22,92,0,5.75,clear sky
351,Nantucket,US,41.2835,-70.0995,46.51,61,1,8.05,clear sky
352,Pundaguitan,PH,6.3711,126.1689,83.14,73,100,4.83,overcast clouds
353,Gamba,GA,-2.65,10.0,75.2,93,100,3.58,moderate rain
354,Mpraeso,GH,6.5932,-0.7346,70.86,96,66,3.78,broken clouds
355,Caborca,MX,30.5838,-111.101,67.6,45,16,3.38,few clouds
356,Mogadishu,SO,2.0371,45.3438,81.01,72,98,11.36,overcast clouds
357,North Bend,US,43.4065,-124.2243,52.92,99,90,6.91,overcast clouds
358,Talcahuano,CL,-36.7167,-73.1167,55.08,82,0,12.66,clear sky
359,Salalah,OM,17.0151,54.0924,72.25,45,0,5.79,clear sky
360,Yasenskaya,RU,46.3592,38.269,38.55,81,66,9.78,broken clouds
361,Willowmore,ZA,-33.2926,23.4895,57.09,73,100,5.28,overcast clouds
362,Manono,CD,-7.3,27.4167,66.9,97,44,1.36,scattered clouds
363,Alofi,NU,-19.0595,-169.9187,73.29,94,90,16.11,shower rain
364,Chenzhou,CN,25.8,113.0333,54.09,49,0,4.99,clear sky
365,Merced,US,37.1666,-120.7516,60.85,49,0,2.17,clear sky
366,Sontra,DE,51.0667,9.9333,38.28,90,58,11.56,broken clouds
367,Mitchell,US,43.7094,-98.0298,57.18,46,1,5.01,clear sky
368,Bandarbeyla,SO,9.4942,50.8122,74.26,67,0,12.17,clear sky
369,Tigil,RU,57.8,158.6667,29.7,82,100,19.6,overcast clouds
370,Denpasar,ID,-8.65,115.2167,85.71,79,40,10.36,scattered clouds
371,Portland,US,45.5234,-122.6762,57.85,92,75,3.44,broken clouds
372,Bansi,IN,27.1833,82.9333,69.28,61,99,4.41,overcast clouds
373,Imbituba,BR,-28.24,-48.6703,71.82,82,100,7.49,overcast clouds
374,Hambantota,LK,6.1241,81.1185,79.5,75,55,3.91,broken clouds
375,Mahebourg,MU,-20.4081,57.7,82.26,74,75,6.91,broken clouds
376,Chik,RU,54.9928,82.4311,10.45,85,0,8.95,clear sky
377,Kasongo-Lunda,CD,-6.4667,16.8167,68.45,94,97,0.98,overcast clouds
378,Lomovka,RU,53.9194,58.3672,31.12,98,100,7.29,overcast clouds
379,Kuusamo,FI,65.9667,29.1833,17.64,93,90,4.61,light snow
380,Lambarene,GA,-0.7001,10.2406,74.82,96,100,1.19,overcast clouds
381,Dawei,MM,14.0833,98.2,82.54,43,87,13.04,overcast clouds
382,Severo-Kurilsk,RU,50.6789,156.125,37.99,82,98,26.44,overcast clouds
383,Hasaki,JP,35.7333,140.8333,55.29,34,0,15.84,clear sky
384,Yangjiang,CN,21.85,111.9667,66.94,28,20,10.16,few clouds
385,Haverfordwest,GB,51.8017,-4.9691,42.06,88,99,4.0,overcast clouds
386,Mananara,MG,-16.1667,49.7667,73.53,90,31,4.29,light rain
387,Touros,BR,-5.1989,-35.4608,79.7,77,81,9.46,broken clouds
388,Jiuquan,CN,39.7432,98.5174,31.66,26,0,6.24,clear sky
389,Walvis Bay,NA,-22.9575,14.5053,58.08,94,2,10.36,clear sky
390,El Campo,US,29.1966,-96.2697,64.89,94,1,3.44,clear sky
391,Jiamusi,CN,46.8333,130.35,20.8,87,100,16.13,overcast clouds
392,Khoy,IR,38.5504,44.9535,40.44,78,91,5.14,overcast clouds
393,Tautira,PF,-17.7333,-149.15,86.02,76,100,18.95,light rain
394,Maraa,BR,-1.8333,-65.3667,73.18,99,100,2.44,overcast clouds
395,Port Macquarie,AU,-31.4333,152.9167,76.89,94,75,12.66,broken clouds
396,Berdorf,LU,49.8136,6.3503,40.82,95,99,10.49,overcast clouds
397,Kampong Thum,KH,12.7111,104.8887,77.59,60,72,10.54,broken clouds
398,Payson,US,40.0444,-111.7321,50.4,58,40,0.0,scattered clouds
399,Manzhouli,CN,49.6,117.4333,14.86,65,0,25.01,clear sky
400,Ogawara,JP,38.0516,140.7155,49.95,63,20,15.17,few clouds
401,Januaria,BR,-15.4833,-44.3667,70.5,84,97,2.28,light rain
402,Vostok,RU,46.4856,135.8833,7.45,78,13,5.66,few clouds
403,Codrington,AU,-38.2667,141.9667,63.19,76,76,14.32,broken clouds
404,Port Blair,IN,11.6667,92.75,78.84,94,90,10.36,moderate rain
405,Marawi,PH,7.9986,124.2928,75.65,63,98,4.76,overcast clouds
406,Lesnoy,RU,57.6198,63.0784,34.48,90,100,11.86,overcast clouds
407,Olden,NO,61.8364,6.8064,35.17,96,91,2.68,light snow
408,Firovo,RU,57.4814,33.7021,16.39,95,100,6.04,overcast clouds
409,Redmond,US,47.674,-122.1215,57.65,84,100,1.99,overcast clouds
410,Maumere,ID,-8.6199,122.2111,85.06,70,98,1.83,overcast clouds
411,Boende,CD,-0.2167,20.8667,68.31,98,100,1.9,overcast clouds
412,Saint Anthony,US,45.0205,-93.218,49.93,76,1,3.0,clear sky
413,Atyrau,KZ,47.1167,51.8833,28.42,100,98,8.95,mist
414,Pussi,EE,59.36,27.0497,19.44,86,100,3.29,overcast clouds
415,Ulladulla,AU,-35.35,150.4667,85.77,62,14,11.83,few clouds
416,Yershichi,RU,53.6725,32.7542,23.25,94,99,7.67,overcast clouds
417,Wakefield,GB,53.6809,-1.499,38.68,63,78,8.66,broken clouds
418,Campo De Criptana,ES,39.4046,-3.1249,41.74,89,98,9.19,overcast clouds
419,San Quintin,MX,30.4833,-115.95,61.23,82,0,3.96,clear sky
420,Sinnamary,GF,5.3833,-52.95,78.17,89,100,10.83,overcast clouds
421,Wilmington,US,34.2257,-77.9447,59.86,84,1,4.61,clear sky
422,Okhotsk,RU,59.3833,143.3,4.3,82,100,28.66,light snow
423,College,US,64.8569,-147.8028,-2.54,78,75,0.0,light snow
424,Florianopolis,BR,-27.6146,-48.5012,69.37,80,75,1.99,broken clouds
425,Mountain Home,US,43.133,-115.6912,43.79,100,1,6.91,clear sky
426,Collie,AU,-33.3667,116.15,70.99,33,7,8.08,clear sky
427,Kurilsk,RU,45.2333,147.8833,32.11,77,99,36.82,light snow
428,Nezhinka,RU,51.7676,55.3694,33.96,93,75,8.95,broken clouds
429,Kamarion,GR,36.8,25.8167,54.91,64,0,11.05,clear sky
430,Mumford,GH,5.2618,-0.759,79.36,84,87,6.55,overcast clouds
431,Asau,RO,46.4333,26.4,42.28,79,61,7.9,broken clouds
432,Panguipulli,CL,-39.6333,-72.3333,51.51,91,100,1.41,overcast clouds
433,Mtambile,TZ,-5.3833,39.7,78.87,78,40,5.61,light rain
434,Maragogi,BR,-9.0122,-35.2225,78.1,85,93,7.92,overcast clouds
435,Oranjemund,NA,-28.55,16.4333,59.0,92,38,11.54,scattered clouds
436,San Ignacio,BZ,17.1561,-89.0714,75.34,88,0,0.0,clear sky
437,Kenai,US,60.5544,-151.2583,18.14,90,90,0.0,light snow
438,Cururupu,BR,-1.8283,-44.8683,77.0,85,86,3.78,overcast clouds
439,Terrace,CA,54.5163,-128.6035,35.51,75,75,8.05,light shower snow
440,Samarai,PG,-10.6167,150.6667,86.45,72,100,13.04,overcast clouds
441,Mount Gambier,AU,-37.8333,140.7667,64.31,68,90,10.36,overcast clouds
442,Strelka,RU,58.0728,93.0344,24.96,92,100,9.37,light snow
443,Vardo,NO,70.3705,31.1107,34.27,58,100,30.42,light rain
444,Opuwo,NA,-18.0607,13.84,71.6,20,86,1.63,overcast clouds
445,Malchevskaya,RU,49.0552,40.3625,31.48,90,100,13.06,overcast clouds
446,Taft,IR,31.7471,54.2088,57.15,25,40,9.22,scattered clouds
447,Port Lincoln,AU,-34.7333,135.8667,64.72,55,36,17.56,scattered clouds
448,Kodinsk,RU,58.6881,99.1844,13.57,95,100,3.4,light snow
449,Hornepayne,CA,49.2138,-84.7705,32.16,99,100,6.33,snow
450,Kieta,PG,-6.2167,155.6333,85.75,67,99,4.47,light rain
451,Acajutla,SV,13.5928,-89.8275,78.1,68,1,6.71,clear sky
452,Corn Island,NI,12.1694,-83.0418,80.92,79,100,16.87,overcast clouds
453,Bojnurd,IR,37.4747,57.329,64.35,19,75,9.22,broken clouds
454,Sarh,TD,9.1429,18.3923,74.21,27,32,4.34,scattered clouds
455,Durazno,UY,-33.4131,-56.5006,57.7,78,16,10.8,few clouds
456,Inirida,CO,3.8653,-67.9239,75.65,92,100,2.84,overcast clouds
457,Saiki,JP,32.95,131.9,48.2,49,2,5.21,clear sky
458,Lodja,CD,-3.4833,23.4333,69.58,93,100,1.45,overcast clouds
459,Basco,PH,20.4487,121.9702,73.78,60,72,25.95,broken clouds
460,Zemio,CF,5.0314,25.1361,69.37,85,84,2.3,broken clouds
461,Katrineholm,SE,58.9959,16.2072,29.73,70,100,11.83,overcast clouds
462,Hirna,ET,9.2167,41.1,55.67,44,80,4.79,broken clouds
463,Gambela,ET,8.25,34.5833,76.69,54,19,1.99,few clouds
464,Evensk,RU,61.95,159.2333,5.29,87,100,29.04,light snow
465,Toca,CO,5.5639,-73.184,49.8,95,97,1.34,overcast clouds
466,Kropotkin,RU,45.4375,40.5756,38.79,81,73,11.39,broken clouds
467,Bulgan,MN,48.8125,103.5347,23.41,61,100,3.04,overcast clouds
468,Loanda,AO,-8.8368,13.2343,77.94,82,100,7.05,light rain
469,Domoni,KM,-12.2569,44.5319,77.5,82,13,4.14,few clouds
470,Yenagoa,NG,4.9247,6.2642,76.46,93,83,3.94,broken clouds
471,Richards Bay,ZA,-28.783,32.0377,72.97,86,35,15.41,scattered clouds
472,Uncia,BO,-18.467,-66.5685,54.97,61,94,5.99,overcast clouds
473,Marzuq,YE,14.4,46.4667,54.63,35,0,0.89,clear sky
474,Kankan,GN,10.3854,-9.3057,75.52,36,59,1.59,broken clouds
475,Mananjary,MG,-21.2167,48.3333,74.16,88,54,3.04,light rain
476,Canar,EC,-2.55,-78.9333,48.69,94,100,1.36,overcast clouds
477,Svetlogorsk,BY,52.6333,29.7333,27.77,95,100,15.21,light snow
478,Lavrentiya,RU,65.5833,-171.0,-11.22,83,0,5.93,clear sky
479,Meadow Lake,US,34.8014,-106.5436,53.17,30,58,3.69,broken clouds
480,Shimoda,JP,34.6667,138.95,57.56,54,2,9.64,clear sky
481,Monte Alegre,BR,-2.0078,-54.0692,78.94,72,100,1.54,overcast clouds
482,Gazojak,TM,41.1875,61.4036,55.22,37,100,9.19,overcast clouds
483,Xam Nua,LA,20.4197,104.0439,61.0,47,13,3.71,few clouds
484,Coahuayana,MX,18.7333,-103.6833,78.28,86,0,2.06,clear sky
485,Bubaque,GW,11.2833,-15.8333,81.59,64,100,14.52,overcast clouds
486,Santa Maria,BR,-29.6842,-53.8069,63.37,74,74,9.86,broken clouds
487,Diu,IN,20.7141,70.9822,69.98,82,92,13.29,overcast clouds
488,Baghdad,IQ,33.3406,44.4009,51.71,71,0,0.0,clear sky
489,Lovington,US,32.944,-103.3485,61.65,27,28,7.36,scattered clouds
490,Beloha,MG,-25.1667,45.05,74.71,81,0,6.89,clear sky
491,Milkovo,RU,54.7167,158.6167,19.69,96,100,4.68,snow
492,Rio Grande,BR,-32.035,-52.0986,62.94,67,83,9.6,broken clouds
493,Yanam,IN,16.7333,82.2167,79.2,61,10,6.93,light rain
494,Aykhal,RU,66.0,111.5,-26.45,100,93,4.05,overcast clouds
495,Benin,BJ,9.5,2.25,71.74,26,100,2.75,overcast clouds
496,Hovd,MN,48.0056,91.6419,17.8,53,0,0.49,clear sky
497,Hinton,CA,53.4001,-117.5857,35.11,97,100,3.53,overcast clouds
498,Tornio,FI,65.8481,24.1466,19.42,94,100,9.53,light snow
499,Korla,CN,41.7597,86.1469,25.7,61,1,2.66,clear sky
500,Rock Island,US,41.45,-90.5168,52.45,65,1,10.36,clear sky
501,Trairi,BR,-3.2778,-39.2689,79.88,78,78,8.25,broken clouds
502,Tahe,CN,52.3333,124.7333,7.74,78,100,7.61,overcast clouds
503,Winchester,GB,51.0651,-1.3187,35.49,81,4,1.99,clear sky
504,Mattru,SL,7.6244,-11.8332,74.95,94,98,1.23,overcast clouds
505,Sterling,US,39.0062,-77.4286,51.31,65,75,8.99,broken clouds
506,Marsh Harbour,BS,26.5412,-77.0636,74.55,77,40,16.58,scattered clouds
507,Bull Savanna,JM,17.8868,-77.5902,73.87,81,100,4.81,overcast clouds
508,Poltavka,RU,54.3663,71.7632,27.32,75,100,15.75,overcast clouds
509,Sabzevar,IR,36.2126,57.6819,43.88,53,40,0.0,scattered clouds
510,Chapais,CA,49.7834,-74.8492,10.18,90,100,6.89,overcast clouds
511,Kidal,ML,18.4411,1.4078,70.12,18,19,10.4,few clouds
512,Tessalit,ML,20.1986,1.0114,70.12,18,36,9.19,scattered clouds
513,Dicabisagan,PH,17.0818,122.4157,72.81,85,93,13.35,overcast clouds
514,Sioux Lookout,CA,50.1001,-91.917,32.38,100,90,8.05,mist
515,Kuryk,KZ,43.2,51.65,41.83,75,100,10.89,overcast clouds
516,Lethem,GY,3.3803,-59.7968,78.51,76,88,10.09,overcast clouds
517,Vallenar,CL,-28.5708,-70.7581,67.62,45,30,3.15,scattered clouds
518,Rincon,US,32.296,-81.2354,58.86,66,40,0.0,scattered clouds
519,Lazaro Cardenas,MX,17.9583,-102.2,77.72,83,0,3.04,clear sky
520,Tarakan,ID,3.3,117.6333,80.1,89,40,6.91,scattered clouds
521,Egvekinot,RU,66.3167,-179.1667,-0.56,83,100,4.83,light snow
522,Klyuchi,RU,52.2667,79.1667,19.65,78,5,12.46,clear sky
523,Oyama,JP,36.3,139.8,58.59,25,0,9.69,clear sky
524,Kholmy,UA,51.871,32.6006,25.66,87,46,9.55,scattered clouds
525,Rio Grande City,US,26.3798,-98.8203,73.74,58,100,8.01,overcast clouds
526,Qinhuangdao,CN,39.9317,119.5883,42.19,33,0,16.26,clear sky
527,Yumen,CN,40.2833,97.2,28.76,28,0,6.87,clear sky
528,Tete,MZ,-16.1564,33.5867,80.69,74,40,9.22,scattered clouds
529,Rostovka,RU,55.3842,71.8891,29.19,75,100,15.59,overcast clouds
530,Juegang,CN,32.3174,121.1855,46.65,31,0,9.26,clear sky
531,Miquelon,PM,47.0975,-56.3814,37.42,90,100,15.93,overcast clouds
532,Anadyr,RU,64.75,177.4833,0.1,84,75,8.01,light snow
533,Qeshm,IR,26.9581,56.2719,62.49,60,3,6.53,clear sky
534,Barra Do Garcas,BR,-15.89,-52.2567,73.85,92,93,2.73,overcast clouds
535,Makokou,GA,0.5738,12.8642,69.46,97,91,1.97,overcast clouds
536,Soto La Marina,MX,23.7667,-98.2167,65.77,83,100,3.69,overcast clouds
537,Tacuati,PY,-23.45,-56.5833,71.47,52,10,3.0,clear sky
538,Ulaangom,MN,49.9811,92.0667,8.65,81,86,3.18,overcast clouds
539,Adrar,MR,20.5022,-10.0711,67.73,14,100,10.25,overcast clouds
540,Gizo,SB,-8.103,156.8419,85.78,66,99,2.44,overcast clouds
541,Lasa,IT,46.6166,10.7002,36.86,97,100,2.15,light rain
542,Varadero,CU,23.1536,-81.2514,68.76,73,0,10.31,clear sky
543,Linhares,BR,-19.3911,-40.0722,72.28,98,28,5.37,scattered clouds
544,Yaan,NG,7.3833,8.5667,73.78,55,96,3.83,overcast clouds
545,Vicksburg,US,32.3526,-90.8779,61.3,82,1,0.0,clear sky
546,Corner Brook,CA,48.9667,-57.9484,32.22,96,92,3.47,light snow
547,Merrill,US,45.1805,-89.6835,44.96,84,75,9.22,broken clouds
548,Zunyi,CN,27.6867,106.9072,51.26,67,100,2.17,overcast clouds
549,Grafton,US,42.207,-71.6856,35.35,75,100,3.38,overcast clouds
550,San Felipe,VE,10.3399,-68.7425,72.77,97,89,2.21,overcast clouds
551,Vlore,AL,40.4667,19.4897,52.63,79,75,13.0,broken clouds
552,Inuvik,CA,68.3499,-133.7218,-19.34,76,90,4.61,light snow
553,Sao Felix Do Xingu,BR,-6.6447,-51.995,72.37,99,100,1.03,light rain
554,Oktyabrskoye,RU,43.0645,44.7417,24.94,100,68,2.24,broken clouds
555,Dali,CN,25.7,100.1833,55.62,66,100,2.06,overcast clouds
556,Senneterre,CA,48.3835,-77.2328,21.42,91,100,10.94,light snow
557,Bathsheba,BB,13.2167,-59.5167,81.21,78,40,20.71,scattered clouds
558,Leh,IN,34.1667,77.5833,21.4,54,98,1.95,overcast clouds
559,Launceston,AU,-41.45,147.1667,83.61,40,80,7.0,light rain
560,Morros,BR,-9.4467,-46.3003,72.05,92,100,2.55,overcast clouds
561,Muroran,JP,42.3172,140.9881,32.25,65,100,36.91,overcast clouds
562,Sorong,ID,-0.8833,131.25,81.25,80,100,7.4,overcast clouds
563,Gilbues,BR,-9.8317,-45.3439,72.16,95,100,4.52,light rain
564,San Policarpo,PH,12.1791,125.5072,80.24,86,100,14.32,light rain
565,Belmonte,BR,-15.8631,-38.8828,77.5,89,100,11.3,light rain
566,Pitimbu,BR,-7.4706,-34.8086,79.39,81,94,10.4,overcast clouds
567,Boden,SE,65.8252,21.6886,10.4,96,100,5.12,light snow
568,Agadez,NE,19.75,10.25,61.32,20,46,6.73,scattered clouds
569,Cabinda,AO,-5.55,12.2,77.36,91,100,2.44,light rain
570,Soyo,AO,-6.1349,12.3689,77.16,89,99,4.88,moderate rain
571,Conceicao Do Araguaia,BR,-8.2578,-49.2647,72.05,96,100,1.12,light rain
572,Goderich,CA,43.7501,-81.7165,39.9,87,100,11.5,overcast clouds
573,Charters Towers,AU,-20.1,146.2667,94.41,27,2,7.85,clear sky
574,Guilin,CN,25.2819,110.2864,59.11,34,49,4.09,scattered clouds
575,Sao Joao Da Barra,BR,-21.6403,-41.0511,71.71,94,2,7.02,clear sky
576,Trinidad,BO,-14.8333,-64.9,74.57,94,100,5.28,overcast clouds
577,Santa Cecilia,BR,-26.9608,-50.4269,57.88,94,70,4.16,broken clouds
578,Zapolyarnyy,RU,69.4154,30.8136,29.48,70,100,25.5,overcast clouds
579,Kurkino,RU,53.4257,38.6582,22.15,68,76,12.21,broken clouds
580,San Luis,AR,-33.295,-66.3356,70.16,51,13,6.02,few clouds
581,Enniscorthy,IE,52.5008,-6.5578,40.57,89,44,7.87,scattered clouds
582,Sur,OM,22.5667,59.5289,72.32,59,0,4.12,clear sky
583,Marsa Matruh,EG,31.3525,27.2453,63.46,54,87,10.13,overcast clouds
584,Melbourne,US,28.0836,-80.6081,65.97,90,1,0.0,clear sky
585,Khorixas,NA,-20.3667,14.9667,63.7,28,6,1.48,clear sky
586,Ewa Beach,US,21.3156,-158.0072,80.55,64,40,15.01,scattered clouds
587,Oistins,BB,13.0667,-59.5333,80.69,78,40,20.71,scattered clouds
588,Broome,US,42.2506,-75.833,38.46,76,90,1.99,overcast clouds
589,Tazovskiy,RU,67.4667,78.7,-8.34,95,100,13.76,overcast clouds
590,Alpena,US,45.0617,-83.4327,39.34,91,90,8.99,overcast clouds
591,Karratha,AU,-20.7377,116.8463,98.83,21,1,11.41,clear sky
592,Kayankulam,IN,9.1833,76.5,79.97,77,3,4.5,clear sky
593,Padang,ID,-0.9492,100.3543,84.25,65,46,3.53,scattered clouds
594,Snezhnogorsk,RU,69.1933,33.2531,28.18,61,100,30.33,overcast clouds
595,Manggar,ID,-2.8833,108.2667,86.43,60,100,4.34,overcast clouds
596,Ostrovnoy,RU,68.0531,39.5131,26.69,78,100,31.94,light snow
597,Bokoro,TD,12.3807,17.0568,72.25,26,32,12.03,scattered clouds
598,Makakilo City,US,21.3469,-158.0858,79.12,65,40,10.36,light rain
599,Black River,JM,18.0264,-77.8487,78.8,85,98,5.59,overcast clouds
600,Laramie,US,41.3114,-105.5911,51.89,48,1,5.99,clear sky
601,Taltal,CL,-25.4,-70.4833,62.47,77,31,2.66,scattered clouds
602,Khasan,RU,42.4308,130.6434,33.87,51,2,8.66,clear sky
603,Cicero Dantas,BR,-10.6,-38.3833,71.83,82,94,7.52,overcast clouds
604,Garowe,SO,8.4054,48.4845,64.58,77,35,7.16,scattered clouds
605,Alta Gracia,AR,-31.6529,-64.4283,69.87,63,44,5.91,scattered clouds
606,Vilhena,BR,-12.7406,-60.1458,69.28,99,84,3.18,light rain
607,Rioja,AR,-29.4111,-66.8507,77.32,42,35,6.69,scattered clouds
608,Bilma,NE,18.6853,12.9164,65.48,19,2,7.2,clear sky
609,Nemuro,JP,43.3236,145.575,37.83,57,30,31.54,scattered clouds
610,Kathu,TH,7.9178,98.3332,80.42,90,100,19.6,overcast clouds
611,Hammerfest,NO,70.6634,23.6821,30.65,86,75,20.71,light shower snow
612,Kudahuvadhoo,MV,2.6708,72.8944,81.81,75,27,6.35,scattered clouds
613,Kaunas,LT,54.9,23.9,32.18,93,90,11.5,mist
614,Terny,UA,50.9833,33.9833,26.29,83,31,7.96,scattered clouds
615,Loreto,MX,22.2667,-101.9667,60.04,55,21,9.57,few clouds
616,Batavia,US,41.85,-88.3126,48.85,83,1,1.99,mist
617,Gravelbourg,CA,49.8834,-106.5512,37.67,73,100,13.62,overcast clouds
618,Raudeberg,NO,61.9875,5.1352,33.87,90,79,1.99,light rain
619,Satinka,RU,52.3792,41.6819,26.49,75,83,11.63,broken clouds
620,Charlestown,AU,-32.95,151.6667,81.57,69,5,1.01,clear sky
621,Ordynskoye,RU,54.3656,81.8994,10.2,92,97,6.13,overcast clouds
622,Chernogorsk,RU,53.8236,91.2842,11.77,92,76,2.24,smoke
623,Senno,RU,59.5336,33.9167,13.26,97,97,7.43,overcast clouds
624,Candolim,IN,15.5181,73.7626,78.4,81,93,7.61,moderate rain
625,Gisborne,NZ,-38.6533,178.0042,67.95,69,74,8.75,broken clouds
626,Port-Gentil,GA,-0.7193,8.7815,79.38,83,100,5.84,light rain
627,Inongo,CD,-1.95,18.2667,70.43,98,99,4.14,overcast clouds
628,Mayumba,GA,-3.432,10.6554,75.76,91,96,4.23,light rain
629,Strezhevoy,RU,60.7333,77.5889,31.98,90,100,11.39,overcast clouds
630,Vanderhoof,CA,54.0166,-124.0198,35.08,83,67,6.33,broken clouds
631,Pochutla,MX,15.7432,-96.4661,77.83,76,57,3.58,broken clouds
632,Itupiranga,BR,-5.1347,-49.3267,76.53,85,86,1.19,overcast clouds
633,Guano,EC,-1.5833,-78.6333,45.93,94,71,1.81,broken clouds
634,El Alto,PE,-4.2714,-81.2147,64.69,83,60,10.63,broken clouds
635,Ilhabela,BR,-23.7781,-45.3581,72.01,89,96,2.21,overcast clouds
636,Mlonggo,ID,-6.5333,110.7,87.69,68,100,1.99,overcast clouds
637,Gobabis,NA,-22.45,18.9667,69.46,58,96,7.31,overcast clouds
638,Khudumelapye,BW,-23.8833,24.75,72.12,59,89,11.92,overcast clouds
639,Contamana,PE,-7.3333,-75.0167,76.35,73,97,2.98,overcast clouds
640,Kaeo,NZ,-35.1,173.7833,67.32,93,100,10.18,light rain
641,Akyab,MM,20.15,92.9,77.45,53,16,6.13,few clouds
642,Assiniboia,CA,49.6334,-105.9845,39.11,65,100,14.97,overcast clouds
643,Lima,PE,-12.0432,-77.0282,66.9,80,0,12.66,light rain
644,Teluk Intan,MY,4.0259,101.0213,77.36,78,57,2.42,light rain
645,Biltine,TD,14.5333,20.9167,71.46,27,3,21.16,clear sky
646,Winnemucca,US,40.973,-117.7357,37.45,41,1,5.75,clear sky
647,Porosozero,RU,62.7191,32.727,11.82,94,98,8.3,overcast clouds
648,Bac Lieu,VN,9.285,105.7244,80.13,78,28,7.49,scattered clouds
649,Kabalo,CD,-6.05,26.9167,67.78,98,49,1.95,scattered clouds
650,Yulara,AU,-25.2406,130.9889,103.84,7,0,5.75,clear sky
651,Rocha,UY,-34.4833,-54.3333,53.89,84,66,3.6,broken clouds
